{
    "epoch_losses": [
        [
            7.581449756622314,
            4.930520248413086,
            4.374692144393921,
            3.90464409828186,
            3.447519063949585
        ],
        [
            7.491711025238037,
            4.767874355316162,
            4.142640581130982,
            3.657776222229004,
            3.210728893280029
        ],
        [
            7.523082122802735,
            4.826386489868164,
            4.065610151290894,
            3.4716437435150147,
            2.9648379135131835
        ]
    ],
    "val_losses": [],
    "nic_rouge_scores": [
        {
            "rouge1": 0.004973069222447758,
            "rouge2": 0.0019183275954606823,
            "rougeL": 0.004973069222447758
        }
    ],
    "scst_rouge_scores": [
        {
            "rouge1": 0.005125298885495147,
            "rouge2": 0.002125821240563892,
            "rougeL": 0.005125298885495147
        }
    ],
    "nic_bleu_score": [
        0.012424130855809384
    ],
    "scst_bleu_score": [
        0.011236542825000423
    ],
    "nic_caption_lengths": [
        [
            9,
            8,
            11,
            12,
            9,
            9,
            11,
            8,
            9,
            9,
            8,
            13,
            10,
            13,
            9,
            9,
            12,
            9,
            12,
            8,
            8,
            10,
            10,
            8,
            8,
            10,
            9,
            12,
            19,
            12,
            13,
            11,
            10,
            9,
            13,
            12,
            12,
            13,
            8,
            11,
            11,
            11,
            11,
            10,
            10,
            10,
            10,
            8,
            13,
            9,
            11,
            12,
            8,
            10,
            10,
            12,
            17,
            8,
            9,
            13,
            9,
            11,
            10,
            9,
            10,
            10,
            11,
            10,
            10,
            8,
            8,
            12,
            10,
            15,
            9,
            9,
            9,
            10,
            10,
            9,
            9,
            10,
            9,
            15,
            9,
            13,
            9,
            11,
            8,
            12,
            10,
            8,
            10,
            11,
            8,
            11,
            12,
            9,
            15,
            9
        ]
    ],
    "scst_caption_lengths": [
        [
            9,
            8,
            11,
            12,
            9,
            9,
            11,
            8,
            9,
            9,
            8,
            13,
            10,
            13,
            9,
            9,
            12,
            9,
            12,
            8,
            8,
            10,
            10,
            8,
            8,
            10,
            9,
            12,
            19,
            12,
            13,
            11,
            10,
            9,
            13,
            12,
            12,
            13,
            8,
            11,
            11,
            11,
            11,
            10,
            10,
            10,
            10,
            8,
            13,
            9,
            11,
            12,
            8,
            10,
            10,
            12,
            17,
            8,
            9,
            13,
            9,
            11,
            10,
            9,
            10,
            10,
            11,
            10,
            10,
            8,
            8,
            12,
            10,
            15,
            9,
            9,
            9,
            10,
            10,
            9,
            9,
            10,
            9,
            15,
            9,
            13,
            9,
            11,
            8,
            12,
            10,
            8,
            10,
            11,
            8,
            11,
            12,
            9,
            15,
            9
        ]
    ],