{
    "epoch_losses": [
        [
            7.565825309753418,
            4.865151844024658,
            4.268733930587769,
            3.8411631107330324,
            3.4518990325927734
        ],
        [
            7.502806720733642,
            4.840419864654541,
            4.17481110572815,
            3.7390079402923586,
            3.338134765625
        ]
    ],
    "val_losses": [],
    "nic_rouge_scores": [
        {
            "rouge1": 0.004641210217085425,
            "rouge2": 0.0018383328494576598,
            "rougeL": 0.004641210217085425
        }
    ],
    "scst_rouge_scores": [
        {
            "rouge1": 0.004878149431792233,
            "rouge2": 0.0019411671399187846,
            "rougeL": 0.004868144429290983
        }
    ],
    "nic_bleu_score": [
        0.012030266655819672
    ],
    "scst_bleu_score": [
        0.012296743311604469
    ],
    "nic_caption_lengths": [
        [
            11,
            11,
            10,
            9,
            11,
            10,
            8,
            9,
            11,
            10,
            14,
            14,
            13,
            10,
            10,
            15,
            8,
            11,
            8,
            9,
            8,
            10,
            10,
            8,
            11,
            13,
            12,
            9,
            10,
            11,
            11,
            13,
            11,
            7,
            8,
            11,
            11,
            11,
            15,
            11,
            10,
            9,
            12,
            10,
            11,
            10,
            10,
            10,
            12,
            12,
            8,
            12,
            11,
            10,
            10,
            11,
            11,
            10,
            8,
            9,
            10,
            10,
            10,
            10,
            11,
            8,
            12,
            12,
            9,
            8,
            10,
            10,
            12,
            12,
            10,
            9,
            9,
            9,
            9,
            14,
            9,
            10,
            10,
            13,
            11,
            8,
            11,
            13,
            9,
            12,
            8,
            11,
            10,
            8,
            11,
            9,
            10,
            11,
            11,
            13
        ]
    ],
    "scst_caption_lengths": [
        [
            11,
            11,
            10,
            9,
            11,
            10,
            8,
            9,
            11,
            10,
            14,
            14,
            13,
            10,
            10,
            15,
            8,
            11,
            8,
            9,
            8,
            10,
            10,
            8,
            11,
            13,
            12,
            9,
            10,
            11,
            11,
            13,
            11,
            7,
            8,
            11,
            11,
            11,
            15,
            11,
            10,
            9,
            12,
            10,
            11,
            10,
            10,
            10,
            12,
            12,
            8,
            12,
            11,
            10,
            10,
            11,
            11,
            10,
            8,
            9,
            10,
            10,
            10,
            10,
            11,
            8,
            12,
            12,
            9,
            8,
            10,
            10,
            12,
            12,
            10,
            9,
            9,
            9,
            9,
            14,
            9,
            10,
            10,
            13,
            11,
            8,
            11,
            13,
            9,
            12,
            8,
            11,
            10,
            8,
            11,
            9,
            10,
            11,
            11,
            13
        ]
    ],