{
    "nic_rouge_scores": [
        {
            "rouge1": 0.00472247432143618,
            "rouge2": 0.001680031121888055,
            "rougeL": 0.00472247432143618
        }
    ],
    "scst_rouge_scores": [
        {
            "rouge1": 0.004636135834508678,
            "rouge2": 0.0016006998065703822,
            "rougeL": 0.004636135834508678
        }
    ],
    "nic_bleu_score": [
        0.01230692144150079
    ],
    "scst_bleu_score": [
        0.012167799883787458
    ],
    "nic_caption_lengths": [
    ]
}                   